application_id,injected_issue
APP-020601,loan_far_above_asset_value
APP-020034,postcode_state_mismatch
APP-020132,abn_checksum_fail
APP-020248,loan_far_above_asset_value
APP-021044,postcode_state_mismatch
APP-021609,asset_description_typo
APP-021538,missing_abn
APP-020830,new_asset_too_old
APP-020860,asset_description_typo
APP-020392,invalid_term
APP-021617,loan_far_above_asset_value
APP-021700,invalid_term
APP-020275,asset_description_typo
APP-020286,asset_description_typo
APP-021866,loan_far_above_asset_value
APP-021954,invalid_term
APP-020040,balloon_exceeds_loan
APP-020972,missing_abn
APP-020914,asset_description_typo
APP-021251,new_asset_too_old
APP-021270,balloon_exceeds_loan
APP-021743,missing_abn
APP-021667,abn_checksum_fail
APP-021491,missing_abn
APP-020108,new_asset_too_old
APP-020586,balloon_exceeds_loan
APP-020253,postcode_state_mismatch
APP-020588,invalid_term
APP-021841,balloon_exceeds_loan
APP-020149,postcode_state_mismatch
APP-020390,invalid_term
APP-021123,loan_far_above_asset_value
APP-020695,invalid_term
APP-021221,missing_abn
APP-021170,balloon_exceeds_loan
APP-021534,asset_description_typo
APP-021416,invalid_term
APP-021875,balloon_exceeds_loan
APP-020240,new_asset_too_old
APP-020277,loan_far_above_asset_value
APP-020244,new_asset_too_old
APP-021472,balloon_exceeds_loan
APP-020675,abn_checksum_fail
APP-020902,asset_description_typo
APP-021379,invalid_term
APP-020964,new_asset_too_old
APP-020250,loan_far_above_asset_value
APP-021362,postcode_state_mismatch
APP-020029,postcode_state_mismatch
APP-020469,loan_far_above_asset_value
APP-021781,loan_far_above_asset_value
APP-021572,postcode_state_mismatch
APP-020534,new_asset_too_old
APP-020931,balloon_exceeds_loan
APP-021790,balloon_exceeds_loan
APP-021303,abn_checksum_fail
APP-020016,missing_abn
APP-020610,invalid_term
APP-020661,balloon_exceeds_loan
APP-020908,missing_abn
APP-020849,postcode_state_mismatch
APP-021092,loan_far_above_asset_value
APP-020752,missing_abn
APP-020628,postcode_state_mismatch
APP-020008,abn_checksum_fail
APP-021480,invalid_term
APP-021993,asset_description_typo
APP-021551,asset_description_typo
APP-020451,asset_description_typo
APP-021767,balloon_exceeds_loan
APP-020161,invalid_term
APP-021187,invalid_term
APP-020927,loan_far_above_asset_value
APP-020612,loan_far_above_asset_value
APP-021132,missing_abn
APP-021358,balloon_exceeds_loan
APP-021018,new_asset_too_old
APP-021195,invalid_term
APP-021056,asset_description_typo
APP-020282,new_asset_too_old
APP-020177,postcode_state_mismatch
APP-021932,loan_far_above_asset_value
APP-020145,abn_checksum_fail
APP-021728,new_asset_too_old
APP-021747,abn_checksum_fail
APP-020898,abn_checksum_fail
APP-020340,loan_far_above_asset_value
APP-021496,asset_description_typo
APP-020054,abn_checksum_fail
APP-021775,loan_far_above_asset_value
APP-020520,loan_far_above_asset_value
APP-020466,loan_far_above_asset_value
APP-020049,loan_far_above_asset_value
APP-020065,invalid_term
APP-021417,abn_checksum_fail
APP-020837,asset_description_typo
APP-020313,abn_checksum_fail
APP-021868,postcode_state_mismatch
APP-021330,invalid_term
APP-021738,balloon_exceeds_loan
APP-021101,missing_abn
APP-021283,balloon_exceeds_loan
APP-020422,postcode_state_mismatch
APP-020068,asset_description_typo
APP-020870,asset_description_typo
APP-020673,abn_checksum_fail
APP-021879,loan_far_above_asset_value
APP-021684,invalid_term
APP-020989,asset_description_typo
APP-020342,postcode_state_mismatch
APP-020378,postcode_state_mismatch
APP-020258,new_asset_too_old
APP-021843,asset_description_typo
APP-021992,postcode_state_mismatch
APP-020658,missing_abn
APP-021664,postcode_state_mismatch
APP-021962,asset_description_typo
APP-020261,asset_description_typo
APP-021732,new_asset_too_old
APP-021978,asset_description_typo
APP-020978,missing_abn
APP-021786,loan_far_above_asset_value
APP-021319,invalid_term
APP-020391,missing_abn
APP-020124,postcode_state_mismatch
APP-020044,new_asset_too_old
APP-021594,new_asset_too_old
APP-020923,balloon_exceeds_loan
APP-021485,asset_description_typo
APP-020664,asset_description_typo
APP-021026,abn_checksum_fail
APP-021457,loan_far_above_asset_value
APP-021877,invalid_term
APP-021658,abn_checksum_fail
APP-021160,new_asset_too_old
APP-021857,balloon_exceeds_loan
APP-021665-R,duplicate_submission
APP-021634-R,duplicate_submission
APP-022000-R,duplicate_submission
APP-021134-R,duplicate_submission
